-- You can use this file to load seed data into the database using SQL statements
insert into Member (id, name, email, phone_number) values (0, 'John Smith', 'john.smith@mailinator.com', '2125551212') 
INSERT INTO Questions (`QuestionID`, `Question`) VALUES ('1', 'What color is the sky?') 
INSERT INTO Questions (`QuestionID`, `Question`) VALUES ('2', 'What is the biggest mamal?')
INSERT INTO Questions (`QuestionID`, `Question`) VALUES	('3', 'What is the smallest planet?') 
INSERT INTO Questions (`QuestionID`, `Question`) VALUES ('4', 'What is the capital of Canada?')
INSERT INTO Questions (`QuestionID`, `Question`) VALUES ('5', 'Who invented the programming language C?')
INSERT INTO Questions (`QuestionID`, `Question`) VALUES ('6', 'What is 15 in binary?')
INSERT INTO Questions (`QuestionID`, `Question`) VALUES ('7', 'What is the best option in CST?')
INSERT INTO Questions (`QuestionID`, `Question`) VALUES ('8', 'What is the best smart phone?')
INSERT INTO Questions (`QuestionID`, `Question`) VALUES ('9', 'What is the best text editor?')
INSERT INTO Questions (`QuestionID`, `Question`) VALUES ('10', 'What is the current level cap in WOW?')
INSERT INTO QuestionOptions (`OptionID`, `OptionText`, `QuestionID`) VALUES (NULL, 'Red', '1')
INSERT INTO QuestionOptions (`OptionID`, `OptionText`, `QuestionID`) VALUES (NULL, 'Blue', '1')
INSERT INTO QuestionOptions (`OptionID`, `OptionText`, `QuestionID`) VALUES (NULL, 'Yellow', '1')
INSERT INTO QuestionOptions (`OptionID`, `OptionText`, `QuestionID`) VALUES (NULL, 'Purple', '1')
INSERT INTO QuestionOptions (`OptionID`, `OptionText`, `QuestionID`) VALUES (NULL, 'Blue whale', '2')
INSERT INTO QuestionOptions (`OptionID`, `OptionText`, `QuestionID`) VALUES (NULL, 'Killer whale', '2')
INSERT INTO QuestionOptions (`OptionID`, `OptionText`, `QuestionID`) VALUES (NULL, 'Dolphin', '2')
INSERT INTO QuestionOptions (`OptionID`, `OptionText`, `QuestionID`) VALUES (NULL, 'Sperm whale', '2')
INSERT INTO QuestionOptions (`OptionID`, `OptionText`, `QuestionID`) VALUES (NULL, 'Saturn', '3')
INSERT INTO QuestionOptions (`OptionID`, `OptionText`, `QuestionID`) VALUES (NULL, 'Azeroth', '3')
INSERT INTO QuestionOptions (`OptionID`, `OptionText`, `QuestionID`) VALUES (NULL, 'Pluto', '3')
INSERT INTO QuestionOptions (`OptionID`, `OptionText`, `QuestionID`) VALUES (NULL, 'Mercury', '3')
INSERT INTO QuestionOptions (`OptionID`, `OptionText`, `QuestionID`) VALUES (NULL, 'Victoria', '4')
INSERT INTO QuestionOptions (`OptionID`, `OptionText`, `QuestionID`) VALUES (NULL, 'Ottawa', '4')
INSERT INTO QuestionOptions (`OptionID`, `OptionText`, `QuestionID`) VALUES (NULL, 'Salmon Arm', '4')
INSERT INTO QuestionOptions (`OptionID`, `OptionText`, `QuestionID`) VALUES (NULL, 'Washington', '4')
INSERT INTO QuestionOptions (`OptionID`, `OptionText`, `QuestionID`) VALUES (NULL, 'George Bush', '5')
INSERT INTO QuestionOptions (`OptionID`, `OptionText`, `QuestionID`) VALUES (NULL, 'Albert "The Machine" Wei', '5')
INSERT INTO QuestionOptions (`OptionID`, `OptionText`, `QuestionID`) VALUES (NULL, 'Dennis Ritchie', '5')
INSERT INTO QuestionOptions (`OptionID`, `OptionText`, `QuestionID`) VALUES (NULL, 'Jerry Louis', '5')
INSERT INTO QuestionOptions (`OptionID`, `OptionText`, `QuestionID`) VALUES (NULL, '0110', '6')
INSERT INTO QuestionOptions (`OptionID`, `OptionText`, `QuestionID`) VALUES (NULL, '1110', '6')
INSERT INTO QuestionOptions (`OptionID`, `OptionText`, `QuestionID`) VALUES (NULL, '0000', '6')
INSERT INTO QuestionOptions (`OptionID`, `OptionText`, `QuestionID`) VALUES (NULL, '1111', '6')
INSERT INTO QuestionOptions (`OptionID`, `OptionText`, `QuestionID`) VALUES (NULL, 'Information Systems', '7')
INSERT INTO QuestionOptions (`OptionID`, `OptionText`, `QuestionID`) VALUES (NULL, 'Data Comm', '7')
INSERT INTO QuestionOptions (`OptionID`, `OptionText`, `QuestionID`) VALUES (NULL, 'Client Server', '7')
INSERT INTO QuestionOptions (`OptionID`, `OptionText`, `QuestionID`) VALUES (NULL, 'Database', '7')
INSERT INTO QuestionOptions (`OptionID`, `OptionText`, `QuestionID`) VALUES (NULL, 'Iphone', '8')
INSERT INTO QuestionOptions (`OptionID`, `OptionText`, `QuestionID`) VALUES (NULL, 'Android', '8')
INSERT INTO QuestionOptions (`OptionID`, `OptionText`, `QuestionID`) VALUES (NULL, 'Windows Phone', '8')
INSERT INTO QuestionOptions (`OptionID`, `OptionText`, `QuestionID`) VALUES (NULL, 'Blackberry', '8')
INSERT INTO QuestionOptions (`OptionID`, `OptionText`, `QuestionID`) VALUES (NULL, 'NotePad++', '9')
INSERT INTO QuestionOptions (`OptionID`, `OptionText`, `QuestionID`) VALUES (NULL, 'Nano', '9')
INSERT INTO QuestionOptions (`OptionID`, `OptionText`, `QuestionID`) VALUES (NULL, 'Vim', '9')
INSERT INTO QuestionOptions (`OptionID`, `OptionText`, `QuestionID`) VALUES (NULL, 'Emacs', '9')
INSERT INTO QuestionOptions (`OptionID`, `OptionText`, `QuestionID`) VALUES (NULL, '85', '10')
INSERT INTO QuestionOptions (`OptionID`, `OptionText`, `QuestionID`) VALUES (NULL, '95', '10')
INSERT INTO QuestionOptions (`OptionID`, `OptionText`, `QuestionID`) VALUES (NULL, '80', '10')
INSERT INTO QuestionOptions (`OptionID`, `OptionText`, `QuestionID`) VALUES (NULL, '90', '10')
INSERT INTO Answers (`QuestionID`, `Answer`) VALUES ('1', '2')
INSERT INTO Answers (`QuestionID`, `Answer`) VALUES ('2', '1')
INSERT INTO Answers (`QuestionID`, `Answer`) VALUES ('3', '4')
INSERT INTO Answers (`QuestionID`, `Answer`) VALUES ('4', '2')
INSERT INTO Answers (`QuestionID`, `Answer`) VALUES ('5', '3')
INSERT INTO Answers (`QuestionID`, `Answer`) VALUES ('6', '4')
INSERT INTO Answers (`QuestionID`, `Answer`) VALUES ('7', '1')
INSERT INTO Answers (`QuestionID`, `Answer`) VALUES ('8', '2')
INSERT INTO Answers (`QuestionID`, `Answer`) VALUES ('9', '3')
INSERT INTO Answers (`QuestionID`, `Answer`) VALUES ('10', '4')
INSERT INTO Users (`UserName`, `FirstName`, `LastName`, `Password`, `StudentNumber`) VALUES ('sinjin', 'Ben', 'StJohn', 'password', 'A00540068')